Invoice,StockCode,Description,Quantity,InvoiceDate,Price,Customer ID,Country
489464,21733,85123a mixed,-96,2009-12-01 10:52:00,0.0,,United Kingdom
489463,71477,short,-240,2009-12-01 10:52:00,0.0,,United Kingdom
489467,85123A,21733 mixed,-192,2009-12-01 10:53:00,0.0,,United Kingdom
489660,35956,lost,-1043,2009-12-01 17:43:00,0.0,,United Kingdom
489663,35605A,damages,-117,2009-12-01 18:02:00,0.0,,United Kingdom
489820,21133,invcd as 84879?,-720,2009-12-02 13:23:00,0.0,,United Kingdom
489899,79323GR,sold as gold,-954,2009-12-03 09:41:00,0.0,,United Kingdom
490007,84347,21494,-720,2009-12-03 12:09:00,0.0,,United Kingdom
490130,21493,lost?,-600,2009-12-03 18:28:00,0.0,,United Kingdom
490765,21450,damaged,-31,2009-12-08 10:59:00,0.0,,United Kingdom
490766,51008,wet,-200,2009-12-08 11:06:00,0.0,,United Kingdom
491065,84855,MIA,-108,2009-12-09 11:59:00,0.0,,United Kingdom
491732,79030A,smashed,-350,2009-12-14 10:00:00,0.0,,United Kingdom
491972,21100,bad quality,-76,2009-12-14 18:43:00,0.0,,United Kingdom
492719,48173C,MIA,-9,2009-12-18 10:49:00,0.0,,United Kingdom
492788,72739B,discoloured,-70,2009-12-18 17:45:00,0.0,,United Kingdom
492787,85112,damaged,-38,2009-12-18 17:45:00,0.0,,United Kingdom
492790,37503,damaged,-19,2009-12-18 17:46:00,0.0,,United Kingdom
492789,72739C,discoloured,-64,2009-12-18 17:46:00,0.0,,United Kingdom
493572,20714,missing,-450,2010-01-05 10:13:00,0.0,,United Kingdom
493821,17129D,missing (wrongly coded?),-2127,2010-01-07 12:43:00,0.0,,United Kingdom
494266,21967,MIA,-512,2010-01-12 16:56:00,0.0,,United Kingdom
495996,22168,Damages,-243,2010-01-28 11:41:00,0.0,,United Kingdom
496006,84641,damages,-51,2010-01-28 12:30:00,0.0,,United Kingdom
496364,84879,Dotcom multiples,-441,2010-02-01 11:15:00,0.0,,United Kingdom
496950,16168S,missing,-460,2010-02-04 18:45:00,0.0,,United Kingdom
497275,22058,damaged?,-191,2010-02-08 13:57:00,0.0,,United Kingdom
497994,84680,damages?,-46,2010-02-15 14:17:00,0.0,,United Kingdom
498034,35978,damages,-22,2010-02-16 10:08:00,0.0,,United Kingdom
498144,21701,No Stock,-82,2010-02-17 10:04:00,0.0,,United Kingdom
498146,21702,No Stock,-377,2010-02-17 10:08:00,0.0,,United Kingdom
498147,85218,No Stock,-451,2010-02-17 10:12:00,0.0,,United Kingdom
498394,22433,my error - connor,-4200,2010-02-18 15:10:00,0.0,,United Kingdom
498503,37450,missing,-210,2010-02-19 11:11:00,0.0,,United Kingdom
498731,46000M,Dotcom,-100,2010-02-22 15:40:00,0.0,,United Kingdom
498887,20679,?,-330,2010-02-23 13:04:00,0.0,,United Kingdom
498888,15056N,wedding co returns?,-700,2010-02-23 13:08:00,0.0,,United Kingdom
498930,72754A,damaged,-62,2010-02-24 10:24:00,0.0,,United Kingdom
499371,84782B,"damages, lost bits etc",-46,2010-02-26 11:51:00,0.0,,United Kingdom
499373,84782A,"damages, lost bits etc",-20,2010-02-26 11:52:00,0.0,,United Kingdom
499518,37410,damages,-355,2010-03-01 10:02:00,0.0,,United Kingdom
499976,17013C,missing,-800,2010-03-03 14:45:00,0.0,,United Kingdom
500005,84934,missing,-1782,2010-03-04 09:49:00,0.0,,United Kingdom
500258,21752,lost in space,-53,2010-03-05 13:36:00,0.0,,United Kingdom
500321,84016,ebay sales,-3300,2010-03-07 12:03:00,0.0,,United Kingdom
500562,84839,damaged,-26,2010-03-08 15:37:00,0.0,,United Kingdom
500623,82494L,MISSING,-310,2010-03-09 10:48:00,0.0,,United Kingdom
500815,17027A,MISSING,-370,2010-03-10 11:03:00,0.0,,United Kingdom
501040,21041,missing,-160,2010-03-12 09:38:00,0.0,,United Kingdom
501109,77081,missing,-233,2010-03-12 13:44:00,0.0,,United Kingdom
501110,47591C,missing,-300,2010-03-12 13:45:00,0.0,,United Kingdom
501185,82607C,damages,-67,2010-03-15 11:56:00,0.0,,United Kingdom
501615,47587A,12'S SOLD AS 1?,-1060,2010-03-18 11:06:00,0.0,,United Kingdom
502031,21542,missing,-900,2010-03-22 13:14:00,0.0,,United Kingdom
502032,75149N,missing,-394,2010-03-22 13:15:00,0.0,,United Kingdom
502457,84016,ebay sales,-5200,2010-03-24 14:20:00,0.0,,United Kingdom
502458,84016,ebay sales,-5000,2010-03-24 14:21:00,0.0,,United Kingdom
502564,84414B,damaged,-12,2010-03-25 11:53:00,0.0,,United Kingdom
502754,72755D,missing,-130,2010-03-26 13:37:00,0.0,,United Kingdom
503240,21463,damaged,-37,2010-03-30 17:53:00,0.0,,United Kingdom
503429,84750A,damages,-85,2010-03-31 17:53:00,0.0,,United Kingdom
503686,17108D,missing?,-716,2010-04-06 12:41:00,0.0,,United Kingdom
503992,35821B,gone,-21,2010-04-09 11:02:00,0.0,,United Kingdom
503993,35824C,damaged,-58,2010-04-09 11:02:00,0.0,,United Kingdom
504590,84578,damages,-52,2010-04-15 10:25:00,0.0,,United Kingdom
505149,84932D,damages,-16,2010-04-20 11:38:00,0.0,,United Kingdom
505285,85221,?,-1120,2010-04-21 11:48:00,0.0,,United Kingdom
505638,21929,?,-420,2010-04-23 13:41:00,0.0,,United Kingdom
505752,35824P,damages,-26,2010-04-26 09:41:00,0.0,,United Kingdom
505753,72750A,damages,-54,2010-04-26 09:43:00,0.0,,United Kingdom
505754,84869,damages,-13,2010-04-26 09:43:00,0.0,,United Kingdom
506101,21858,dirty,-1,2010-04-27 13:12:00,0.0,,United Kingdom
506280,47505,Damp and rusty,-420,2010-04-28 16:01:00,0.0,,United Kingdom
506648,84016,invoice 506647,-299,2010-04-30 16:24:00,0.0,,United Kingdom
506736,84795D,missing,-240,2010-05-04 10:26:00,0.0,,United Kingdom
506745,84937,Amazon sold as set,-70,2010-05-04 11:27:00,0.0,,United Kingdom
506746,84937,Dotcom sold as set,-420,2010-05-04 11:29:00,0.0,,United Kingdom
506749,17129F,17129c,-72,2010-05-04 11:33:00,0.0,,United Kingdom
506866,84270,?,-3000,2010-05-04 15:20:00,0.0,,United Kingdom
506975,45016,ebay sales,-130,2010-05-05 12:44:00,0.0,,United Kingdom
507004,21092,phil said so,-20,2010-05-05 14:19:00,0.0,,United Kingdom
507154,84858A,wet and rotting,-100,2010-05-06 13:32:00,0.0,,United Kingdom
507155,84858B,wet & rotting,-200,2010-05-06 13:32:00,0.0,,United Kingdom
507174,84807,display,-180,2010-05-06 14:57:00,0.0,,United Kingdom
507192,85017A,wrong ctn size,-626,2010-05-06 16:18:00,0.0,,United Kingdom
507268,84670,missing,-3340,2010-05-07 12:32:00,0.0,,United Kingdom
507688,22423,smashed,-32,2010-05-11 09:56:00,0.0,,United Kingdom
507708,22423,damaged,-90,2010-05-11 11:18:00,0.0,,United Kingdom
507709,17033,sold as 17003?,-2200,2010-05-11 11:20:00,0.0,,United Kingdom
507856,72225D,?,-966,2010-05-11 14:53:00,0.0,,United Kingdom
507871,21671,?,-144,2010-05-11 14:59:00,0.0,,United Kingdom
507873,20820,damages,-143,2010-05-11 14:59:00,0.0,,United Kingdom
507874,20821,damages,-194,2010-05-11 15:00:00,0.0,,United Kingdom
507876,47420,?,-1000,2010-05-11 15:01:00,0.0,,United Kingdom
507902,21181,missing,-225,2010-05-11 17:08:00,0.0,,United Kingdom
507913,10120,Zebra invcing error,-9000,2010-05-11 17:16:00,0.0,,United Kingdom
508018,85078,missing,-2300,2010-05-12 11:57:00,0.0,,United Kingdom
508229,47566B,missing,-480,2010-05-13 17:18:00,0.0,,United Kingdom
508350,35816B,damaged,-17,2010-05-14 12:26:00,0.0,,United Kingdom
508528,21749,MIA,-235,2010-05-17 11:07:00,0.0,,United Kingdom
508855,84807,damages,-40,2010-05-18 15:14:00,0.0,,United Kingdom
508860,84078A,damages etc,-16,2010-05-18 15:35:00,0.0,,United Kingdom
509013,72038B,damaged,-244,2010-05-19 13:35:00,0.0,,United Kingdom
509016,84625B,Damaged,-47,2010-05-19 13:43:00,0.0,,United Kingdom
509788,22130,sold in wrong qnty,-800,2010-05-25 17:11:00,0.0,,United Kingdom
510686,46000R,dotcom sales,-28,2010-06-03 10:05:00,0.0,,United Kingdom
510739,84454,missing,-330,2010-06-03 11:49:00,0.0,,United Kingdom
510760,22236,Rusty ,-851,2010-06-03 13:00:00,0.0,,United Kingdom
511014,46000R,entry error,-100,2010-06-04 15:07:00,0.0,,United Kingdom
511116,85060,damaged/dirty,-408,2010-06-07 10:40:00,0.0,,United Kingdom
511470,85142,?????,-98,2010-06-08 13:19:00,0.0,,United Kingdom
511586,79000,Dotcom,-588,2010-06-09 10:54:00,0.0,,United Kingdom
511587,84945,dotcom,-48,2010-06-09 10:55:00,0.0,,United Kingdom
511588,84950,dotcom,-48,2010-06-09 10:56:00,0.0,,United Kingdom
511589,72741,dotcom,-399,2010-06-09 10:56:00,0.0,,United Kingdom
511590,71459,dotcom,-285,2010-06-09 10:57:00,0.0,,United Kingdom
511697,22171,damaged,-1,2010-06-09 16:55:00,0.0,,United Kingdom
511696,21760,damaged,-1,2010-06-09 16:55:00,0.0,,United Kingdom
512296,22607,donated to the Food Chain charity.,-1,2010-06-14 15:20:00,0.0,,United Kingdom
512297,22502,Donated to The Food Chain charity,-1,2010-06-14 15:21:00,0.0,,United Kingdom
512298,84797B,Donated to The Food Chain charity,-1,2010-06-14 15:21:00,0.0,,United Kingdom
512438,47566,?,-700,2010-06-15 16:23:00,0.0,,United Kingdom
512440,47566,?,-150,2010-06-15 16:32:00,0.0,,United Kingdom
512442,71477,"Wet, rusty-thrown away",-312,2010-06-15 16:43:00,0.0,,United Kingdom
512801,21330,?,-207,2010-06-18 10:57:00,0.0,,United Kingdom
512884,85060,damaged,-88,2010-06-18 12:02:00,0.0,,United Kingdom
512908,21153,missing,-73,2010-06-18 14:33:00,0.0,,United Kingdom
513098,84508A,wet ctn,-48,2010-06-21 15:08:00,0.0,,United Kingdom
513471,82583,?,-626,2010-06-24 16:48:00,0.0,,United Kingdom
513474,84968D,?,-266,2010-06-24 16:52:00,0.0,,United Kingdom
513826,47566B,stock credited from royal yacht inc,-144,2010-06-29 10:50:00,0.0,,United Kingdom
514017,21735,Damages,-143,2010-06-30 10:23:00,0.0,,United Kingdom
514100,22470,crushed,-4,2010-06-30 12:30:00,0.0,,United Kingdom
514099,21463,smashed,-7,2010-06-30 12:30:00,0.0,,United Kingdom
514101,35001W,broken,-12,2010-06-30 12:31:00,0.0,,United Kingdom
514102,22423,damaged,-14,2010-06-30 12:32:00,0.0,,United Kingdom
514125,84932C,?,-33,2010-06-30 12:59:00,0.0,,United Kingdom
514301,22236,Rusty connections,-76,2010-07-01 12:39:00,0.0,,United Kingdom
514363,84016,Ebay sales by the box.,-7100,2010-07-01 18:07:00,0.0,,United Kingdom
514584,20713,missing,-170,2010-07-05 12:06:00,0.0,,United Kingdom
514623,21764,display stands,-3,2010-07-05 12:31:00,0.0,,United Kingdom
514687,20712,missing,-239,2010-07-05 14:34:00,0.0,,United Kingdom
514701,84795C,sold as D?,-10,2010-07-05 15:19:00,0.0,,United Kingdom
514713,21155,?,-81,2010-07-05 15:29:00,0.0,,United Kingdom
514942,21100,counted,-160,2010-07-07 11:42:00,0.0,,United Kingdom
514948,21532,damaged,-57,2010-07-07 11:46:00,0.0,,United Kingdom
515048,35972,check,-27,2010-07-08 10:48:00,0.0,,United Kingdom
515049,35963,checked,-10,2010-07-08 10:50:00,0.0,,United Kingdom
515052,85080,checked,-61,2010-07-08 10:50:00,0.0,,United Kingdom
515055,35611B,damaged,-204,2010-07-08 10:53:00,0.0,,United Kingdom
515058,35607B,checked,-57,2010-07-08 10:54:00,0.0,,United Kingdom
515069,35978,damages,-48,2010-07-08 10:57:00,0.0,,United Kingdom
515158,35603C,checked,-52,2010-07-08 15:31:00,0.0,,United Kingdom
515160,85081,checked,-38,2010-07-08 15:33:00,0.0,,United Kingdom
515163,35838B,missing,-137,2010-07-08 15:42:00,0.0,,United Kingdom
515164,35955,cant find,-200,2010-07-08 15:43:00,0.0,,United Kingdom
515284,84968B,"rust,missing sets etc",-256,2010-07-09 14:03:00,0.0,,United Kingdom
515289,22057,smashed,-23,2010-07-09 14:59:00,0.0,,United Kingdom
515414,84078A,show display,-6,2010-07-12 12:52:00,0.0,,United Kingdom
515413,84795A,coding mix up,-27,2010-07-12 12:52:00,0.0,,United Kingdom
515459,20852,given away,-1000,2010-07-12 15:46:00,0.0,,United Kingdom
515461,20852,given away,-1000,2010-07-12 15:46:00,0.0,,United Kingdom
515460,20852,given away,-1000,2010-07-12 15:46:00,0.0,,United Kingdom
515463,22126,given away,-5000,2010-07-12 15:47:00,0.0,,United Kingdom
515462,20852,given away,-7000,2010-07-12 15:47:00,0.0,,United Kingdom
515464,22126,given away,-5000,2010-07-12 15:48:00,0.0,,United Kingdom
515482,20787,damaged,-4,2010-07-13 10:21:00,0.0,,United Kingdom
515818,20738,counted,-120,2010-07-15 09:54:00,0.0,,United Kingdom
515821,22558,non colour fast,-60,2010-07-15 09:59:00,0.0,,United Kingdom
515823,21214,Came as green?,-153,2010-07-15 10:05:00,0.0,,United Kingdom
515829,20692,?,-64,2010-07-15 11:08:00,0.0,,United Kingdom
515849,22499,?,-106,2010-07-15 11:23:00,0.0,,United Kingdom
515856,22607,damages,-70,2010-07-15 11:25:00,0.0,,United Kingdom
515872,84971S,?,-504,2010-07-15 11:29:00,0.0,,United Kingdom
515876,21154,?,-220,2010-07-15 11:30:00,0.0,,United Kingdom
515878,21877,damages,-190,2010-07-15 11:32:00,0.0,,United Kingdom
516014,37479P,damages,-450,2010-07-16 09:57:00,0.0,,United Kingdom
516017,22719,22467,-2,2010-07-16 10:11:00,0.0,,United Kingdom
516198,21843,damaged,-11,2010-07-19 10:33:00,0.0,,United Kingdom
516200,22423,smashed,-31,2010-07-19 10:33:00,0.0,,United Kingdom
516472,21323,damges,-34,2010-07-20 15:55:00,0.0,,United Kingdom
516473,21545,damages,-30,2010-07-20 15:56:00,0.0,,United Kingdom
516491,21463,damaged,-27,2010-07-21 10:24:00,0.0,,United Kingdom
516654,22033,counted,-80,2010-07-22 11:27:00,0.0,,United Kingdom
516723,85161,damaged,-7,2010-07-22 12:38:00,0.0,,United Kingdom
516724,84356,damaged,-14,2010-07-22 12:40:00,0.0,,United Kingdom
516755,22165,damaged,-11,2010-07-22 16:33:00,0.0,,United Kingdom
516756,22167,damaged,-13,2010-07-22 16:33:00,0.0,,United Kingdom
516759,45008C,"dirty, torn, thrown away.",-15,2010-07-22 16:40:00,0.0,,United Kingdom
517278,22487,damages,-16,2010-07-28 10:28:00,0.0,,United Kingdom
517908,84918,damages,-23,2010-08-03 10:16:00,0.0,,United Kingdom
518223,84691,damages,-79,2010-08-05 13:54:00,0.0,,United Kingdom
518984,85150,?,-160,2010-08-12 17:01:00,0.0,,United Kingdom
518986,82597,?,-410,2010-08-12 17:02:00,0.0,,United Kingdom
519185,85099B,missing,-1400,2010-08-13 15:24:00,0.0,,United Kingdom
519359,85124A,damaged,-26,2010-08-16 12:47:00,0.0,,United Kingdom
519374,21900,reverse mistake,-1520,2010-08-16 13:28:00,0.0,,United Kingdom
519377,47568,?,-300,2010-08-16 13:30:00,0.0,,United Kingdom
519478,21652,damages,-58,2010-08-17 12:52:00,0.0,,United Kingdom
519480,21529,damages,-62,2010-08-17 12:53:00,0.0,,United Kingdom
520321,21312,damaged,-45,2010-08-25 12:13:00,0.0,,United Kingdom
520328,85217,Dotcom multiple,-170,2010-08-25 12:25:00,0.0,,United Kingdom
520399,21130,damaged,-17,2010-08-25 16:14:00,0.0,,United Kingdom
520501,84367,crushed,-24,2010-08-26 12:36:00,0.0,,United Kingdom
520573,85070,for show,-1,2010-08-27 09:54:00,0.0,,United Kingdom
520583,22621,?,-190,2010-08-27 10:39:00,0.0,,United Kingdom
520739,21007,damages?,-121,2010-08-31 10:10:00,0.0,,United Kingdom
520852,22469,missing,-198,2010-08-31 13:04:00,0.0,,United Kingdom
521042,46000U,dotcom,-40,2010-09-02 09:34:00,0.0,,United Kingdom
521171,84405A,damaged,-13,2010-09-02 15:13:00,0.0,,United Kingdom
521198,79000,wet/smashed/unsellable,-700,2010-09-02 17:31:00,0.0,,United Kingdom
521492,35001G,damages,-43,2010-09-06 13:46:00,0.0,,United Kingdom
521491,35001W,damages,-39,2010-09-06 13:46:00,0.0,,United Kingdom
521551,84966A,Sold as C,-16,2010-09-06 15:56:00,0.0,,United Kingdom
521694,85162A,?,-242,2010-09-08 09:56:00,0.0,,United Kingdom
521778,82552,?,-364,2010-09-08 12:40:00,0.0,,United Kingdom
521859,82607A,damages,-42,2010-09-09 11:00:00,0.0,,United Kingdom
521867,35015,wet damages,-4354,2010-09-09 11:03:00,0.0,,United Kingdom
521934,21760,used for show display,-3,2010-09-09 15:56:00,0.0,,United Kingdom
521939,21431,crushed,-110,2010-09-09 16:33:00,0.0,,United Kingdom
521940,47567B,missing,-198,2010-09-09 16:35:00,0.0,,United Kingdom
522155,84990,?,-575,2010-09-13 10:49:00,0.0,,United Kingdom
522194,21540,damages,-28,2010-09-13 11:54:00,0.0,,United Kingdom
522587,85224,?,-500,2010-09-15 12:37:00,0.0,,United Kingdom
522804,82582,?,-1200,2010-09-16 16:35:00,0.0,,United Kingdom
523520,84925F,?,-104,2010-09-22 13:03:00,0.0,,United Kingdom
523533,85017C,?,-728,2010-09-22 13:16:00,0.0,,United Kingdom
523534,82582,missings,-67,2010-09-22 13:23:00,0.0,,United Kingdom
523913,22902,dotcom,-200,2010-09-24 16:13:00,0.0,,United Kingdom
524151,35600D,damages,-36,2010-09-27 15:42:00,0.0,,United Kingdom
524570,84925D,incorrect credit,-372,2010-09-29 15:33:00,0.0,,United Kingdom
524631,21625,?,-191,2010-09-30 11:03:00,0.0,,United Kingdom
525292,20825,damages,-90,2010-10-05 09:05:00,0.0,,United Kingdom
525460,22423,"broken, uneven bottom",-35,2010-10-05 14:46:00,0.0,,United Kingdom
525506,85216,DOTCOM SETS,-569,2010-10-05 17:03:00,0.0,,United Kingdom
525509,82581,?,-500,2010-10-05 17:05:00,0.0,,United Kingdom
525511,20798,show,-130,2010-10-05 17:06:00,0.0,,United Kingdom
525525,22138,mouldy,-2000,2010-10-05 18:05:00,0.0,,United Kingdom
525759,85065,damaged,-31,2010-10-07 10:34:00,0.0,,United Kingdom
526609,21735,broken glass,-53,2010-10-12 12:17:00,0.0,,United Kingdom
526917,84406B,damaged,-11,2010-10-13 16:21:00,0.0,,United Kingdom
527112,37448,damages,-80,2010-10-14 17:27:00,0.0,,United Kingdom
527346,22784,Incorrectly entered. should be 2279,-720,2010-10-15 15:48:00,0.0,,United Kingdom
527465,21915,Mixed with blue,-390,2010-10-18 10:51:00,0.0,,United Kingdom
527487,17033,Sold as 17003?,-160,2010-10-18 11:43:00,0.0,,United Kingdom
527489,22689,?,-36,2010-10-18 11:48:00,0.0,,United Kingdom
527652,16245A,damaged,-1,2010-10-18 13:56:00,0.0,,United Kingdom
527682,22080,?,-283,2010-10-18 14:53:00,0.0,,United Kingdom
527707,22138,damages,-135,2010-10-18 15:16:00,0.0,,United Kingdom
529134,22423,wonky bottom/broken,-35,2010-10-26 14:48:00,0.0,,United Kingdom
529135,21843,broken,-10,2010-10-26 14:49:00,0.0,,United Kingdom
529519,79140,gone,-8,2010-10-28 15:32:00,0.0,,United Kingdom
529521,84709A,Damaged,-15,2010-10-28 15:35:00,0.0,,United Kingdom
529523,85165,damages,-1,2010-10-28 15:37:00,0.0,,United Kingdom
529527,85185D,stock take,-96,2010-10-28 16:04:00,0.0,,United Kingdom
529550,72232,wet cartons,-1400,2010-10-28 17:18:00,0.0,,United Kingdom
529560,20914,damages,-40,2010-10-28 18:02:00,0.0,,United Kingdom
529584,79302M,crushed,-40,2010-10-28 19:26:00,0.0,,United Kingdom
529730,22785,broken zips,-9,2010-10-29 14:14:00,0.0,,United Kingdom
529732,22786,broken zips,-10,2010-10-29 14:14:00,0.0,,United Kingdom
530150,35643,?,-223,2010-11-01 16:53:00,0.0,,United Kingdom
530158,72586,code mix up 72597,-500,2010-11-01 16:58:00,0.0,,United Kingdom
530309,84978,damages,-400,2010-11-02 13:25:00,0.0,,United Kingdom
530347,85215,sold as set/6 on dotcom,-490,2010-11-02 15:46:00,0.0,,United Kingdom
530348,16235,?,-9000,2010-11-02 15:48:00,0.0,,United Kingdom
530365,72225C,?,-1609,2010-11-02 16:03:00,0.0,,United Kingdom
530368,84613A,poor quality,-72,2010-11-02 16:07:00,0.0,,United Kingdom
530591,20830,damages,-161,2010-11-03 15:12:00,0.0,,United Kingdom
530597,21051,?,-240,2010-11-03 15:16:00,0.0,,United Kingdom
530603,79000,damaged,-1500,2010-11-03 15:18:00,0.0,,United Kingdom
530853,40003,?,-240,2010-11-04 14:54:00,0.0,,United Kingdom
530876,35004B,?,-230,2010-11-04 15:03:00,0.0,,United Kingdom
531137,22734,Carton qnty was 216 not 144 as stat,-900,2010-11-05 14:09:00,0.0,,United Kingdom
531140,15002,rex use,-1000,2010-11-05 14:11:00,0.0,,United Kingdom
531177,20852,Given away,-8800,2010-11-05 14:40:00,0.0,,United Kingdom
531862,85232B,wrong code,-258,2010-11-10 10:49:00,0.0,,United Kingdom
532843,35400,damages,-189,2010-11-15 10:11:00,0.0,,United Kingdom
533868,21843,damaged,-25,2010-11-19 11:34:00,0.0,,United Kingdom
533872,22423,damaged,-29,2010-11-19 11:35:00,0.0,,United Kingdom
533992,85063,damaged,-16,2010-11-19 14:05:00,0.0,,United Kingdom
534493,21653,?,-130,2010-11-23 10:55:00,0.0,,United Kingdom
534502,20786,Damages,-18,2010-11-23 11:29:00,0.0,,United Kingdom
534503,20787,damaged,-1,2010-11-23 11:30:00,0.0,,United Kingdom
535280,16169C,damages,-200,2010-11-25 14:16:00,0.0,,United Kingdom
535339,85084,Damages,-15,2010-11-25 16:16:00,0.0,,United Kingdom
535884,84270,Damaged,-411,2010-11-29 11:11:00,0.0,,United Kingdom
537032,21275,?,-30,2010-12-03 16:50:00,0.0,,United Kingdom
537425,84968F,check,-20,2010-12-06 15:35:00,0.0,,United Kingdom
537426,84968E,check,-35,2010-12-06 15:36:00,0.0,,United Kingdom
537432,35833G,damages,-43,2010-12-06 16:10:00,0.0,,United Kingdom
538072,22423,faulty,-13,2010-12-09 14:10:00,0.0,,United Kingdom
538090,20956,?,-723,2010-12-09 14:48:00,0.0,,United Kingdom
538161,46000S,Dotcom sales,-100,2010-12-09 17:25:00,0.0,,United Kingdom
538162,46000M,Dotcom sales,-100,2010-12-09 17:25:00,0.0,,United Kingdom
540010,22501,reverse 21/5/10 adjustment,-100,2011-01-04 11:13:00,0.0,,United Kingdom
540012,22502,reverse 21/5/10 adjustment,-100,2011-01-04 11:14:00,0.0,,United Kingdom
540100,22837,?,-106,2011-01-04 16:53:00,0.0,,United Kingdom
540558,21258,?,-29,2011-01-10 10:04:00,0.0,,United Kingdom
540564,22617,"mouldy, thrown away.",-2600,2011-01-10 10:36:00,0.0,,United Kingdom
540638,72038P,damages,-990,2011-01-10 12:14:00,0.0,,United Kingdom
540651,82599,?,-290,2011-01-10 15:00:00,0.0,,United Kingdom
540978,84050,counted,-310,2011-01-12 15:04:00,0.0,,United Kingdom
541685,22351,Given away,-1400,2011-01-20 15:41:00,0.0,,United Kingdom
541687,46000S,Dotcom,-300,2011-01-20 15:42:00,0.0,,United Kingdom
541882,48185,?,-57,2011-01-24 10:54:00,0.0,,United Kingdom
542225,85096,label mix up,-59,2011-01-26 13:10:00,0.0,,United Kingdom
542361,85161,samples/damages,-20,2011-01-27 12:47:00,0.0,,United Kingdom
542861,47591B,?,-207,2011-02-01 11:47:00,0.0,,United Kingdom
543257,84611B,thrown away,-1430,2011-02-04 16:06:00,0.0,,United Kingdom
543259,84612B,thrown away,-162,2011-02-04 16:07:00,0.0,,United Kingdom
543260,84613A,thrown away,-230,2011-02-04 16:07:00,0.0,,United Kingdom
543262,84614A,thrown away,-390,2011-02-04 16:08:00,0.0,,United Kingdom
543827,84406B,incorrectly made-thrown away.,-64,2011-02-14 09:44:00,0.0,,United Kingdom
544410,84997C,?,-741,2011-02-18 13:54:00,0.0,,United Kingdom
544649,21621,?,-400,2011-02-22 12:37:00,0.0,,United Kingdom
545236,22797,damages,-15,2011-03-01 10:32:00,0.0,,United Kingdom
545401,21769,showroom,-5,2011-03-02 12:03:00,0.0,,United Kingdom
545546,84249A,check,-150,2011-03-03 15:03:00,0.0,,United Kingdom
545857,20681,MIA,-154,2011-03-07 13:56:00,0.0,,United Kingdom
545990,84598,check,-3000,2011-03-08 13:07:00,0.0,,United Kingdom
546010,22423,damages,-19,2011-03-08 15:55:00,0.0,,United Kingdom
546016,85172,Dotcom set,-675,2011-03-08 17:21:00,0.0,,United Kingdom
546018,85172,wrongly sold as sets,-600,2011-03-08 17:23:00,0.0,,United Kingdom
546021,85175,dotcom sold sets,-345,2011-03-08 17:27:00,0.0,,United Kingdom
546020,85175,Amazon sold sets,-210,2011-03-08 17:27:00,0.0,,United Kingdom
546023,85175,wrongly sold sets,-975,2011-03-08 17:29:00,0.0,,United Kingdom
546025,85172,?sold as sets?,-600,2011-03-08 17:31:00,0.0,,United Kingdom
546024,85175,? sold as sets?,-1200,2011-03-08 17:31:00,0.0,,United Kingdom
546124,35610C,Thrown away.,-1121,2011-03-09 14:50:00,0.0,,United Kingdom
546126,35611B,thrown away,-27,2011-03-09 14:52:00,0.0,,United Kingdom
546129,35610B,thrown away,-541,2011-03-09 15:07:00,0.0,,United Kingdom
546130,35610A,thrown away,-1277,2011-03-09 15:08:00,0.0,,United Kingdom
546137,20893,damages/display,-197,2011-03-09 16:33:00,0.0,,United Kingdom
546138,21815,?,-300,2011-03-09 16:34:00,0.0,,United Kingdom
546140,21527,damages,-30,2011-03-09 16:35:00,0.0,,United Kingdom
546142,40016,damaged stock,-1100,2011-03-09 16:37:00,0.0,,United Kingdom
546145,21537,?,-80,2011-03-09 16:39:00,0.0,,United Kingdom
546147,21320,broken,-63,2011-03-09 16:42:00,0.0,,United Kingdom
546148,85049D,?,-100,2011-03-09 16:43:00,0.0,,United Kingdom
546149,20866,?,-230,2011-03-09 17:02:00,0.0,,United Kingdom
546152,72140F,throw away,-5368,2011-03-09 17:25:00,0.0,,United Kingdom
546245,85185B,?,-259,2011-03-10 13:26:00,0.0,,United Kingdom
546407,22719,wrong barcode (22467),-178,2011-03-11 16:24:00,0.0,,United Kingdom
546409,21833,damages,-110,2011-03-11 16:27:00,0.0,,United Kingdom
547336,21689,wrong barcode,-323,2011-03-22 11:45:00,0.0,,United Kingdom
547337,85025C,barcode problem,-230,2011-03-22 11:47:00,0.0,,United Kingdom
547339,84406B,?,-450,2011-03-22 11:51:00,0.0,,United Kingdom
547363,22459,?lost,-232,2011-03-22 12:33:00,0.0,,United Kingdom
547559,72759,thrown away-can't sell.,-524,2011-03-23 17:27:00,0.0,,United Kingdom
547560,72732,thrown away-can't sell,-2472,2011-03-23 17:28:00,0.0,,United Kingdom
547950,35241,damages?,-40,2011-03-28 15:11:00,0.0,,United Kingdom
547989,21621,re dotcom quick fix.,-100,2011-03-29 09:36:00,0.0,,United Kingdom
548380,22127,Dotcom sold in 6's,-60,2011-03-30 16:44:00,0.0,,United Kingdom
548381,22127,sold in set?,-690,2011-03-30 16:45:00,0.0,,United Kingdom
548394,82494L,cracked,-39,2011-03-30 17:18:00,0.0,,United Kingdom
548396,22719,sold as 22467,-25,2011-03-30 17:21:00,0.0,,United Kingdom
548620,84313B,Damaged,-32,2011-04-01 11:53:00,0.0,,United Kingdom
548999,84743C,damages,-26,2011-04-05 14:34:00,0.0,,United Kingdom
549427,22797,damages,-12,2011-04-08 11:56:00,0.0,,United Kingdom
549527,21620,mystery! Only ever imported 1800,-1479,2011-04-08 16:03:00,0.0,,United Kingdom
549529,21830,"MERCHANT CHANDLER CREDIT ERROR, STO",-576,2011-04-08 16:56:00,0.0,,United Kingdom
549531,21622,POSSIBLE DAMAGES OR LOST?,-750,2011-04-08 17:05:00,0.0,,United Kingdom
549846,21100,Damaged,-6,2011-04-12 14:30:00,0.0,,United Kingdom
549935,35915C,damaged,-43,2011-04-13 11:16:00,0.0,,United Kingdom
549948,37488A,damaged,-1,2011-04-13 12:55:00,0.0,,United Kingdom
549950,37487B,Damaged,-6,2011-04-13 12:57:00,0.0,,United Kingdom
549952,37482P,Damaged,-93,2011-04-13 13:05:00,0.0,,United Kingdom
550153,85167B,DAMAGED,-1,2011-04-14 14:44:00,0.0,,United Kingdom
550753,84763,Display,-150,2011-04-20 11:53:00,0.0,,United Kingdom
550800,22458,Missing,-65,2011-04-20 14:48:00,0.0,,United Kingdom
550908,20827,damages,-68,2011-04-21 12:39:00,0.0,,United Kingdom
550922,22784,damages,-25,2011-04-21 14:29:00,0.0,,United Kingdom
550954,47013A,damaged,-2,2011-04-21 16:18:00,0.0,,United Kingdom
551019,22467,wrong code?,-100,2011-04-26 11:19:00,0.0,,United Kingdom
551020,22719,wrong code,-110,2011-04-26 11:19:00,0.0,,United Kingdom
551243,51020B,adjust,-53,2011-04-27 11:49:00,0.0,,United Kingdom
551302,48189,damaged,-18,2011-04-27 14:55:00,0.0,,United Kingdom
551323,21398,damages,-9,2011-04-27 15:31:00,0.0,,United Kingdom
551327,84228,crushed,-4,2011-04-27 16:01:00,0.0,,United Kingdom
551705,22655,damages/showroom etc,-11,2011-05-03 14:35:00,0.0,,United Kingdom
551735,21656,samples,-19,2011-05-04 10:25:00,0.0,,United Kingdom
551837,79164,damages/credits from ASOS.,-1512,2011-05-04 13:23:00,0.0,,United Kingdom
552331,22667,damaged,-30,2011-05-09 10:24:00,0.0,,United Kingdom
552443,22796,Not rcvd in 10/11/2010 delivery,-360,2011-05-09 13:05:00,0.0,,United Kingdom
552733,23059,Thrown away-rusty,-2376,2011-05-11 10:48:00,0.0,,United Kingdom
553147,84879,damaged,-160,2011-05-13 13:58:00,0.0,,United Kingdom
553391,37370,sold as set/6 by dotcom,-786,2011-05-16 16:42:00,0.0,,United Kingdom
553395,15058C,wet/rusty,-30,2011-05-16 16:47:00,0.0,,United Kingdom
553394,15058A,wet/rusty,-30,2011-05-16 16:47:00,0.0,,United Kingdom
553396,22423,damages,-21,2011-05-16 16:48:00,0.0,,United Kingdom
553398,37370,damages/dotcom?,-590,2011-05-16 17:07:00,0.0,,United Kingdom
553400,20803,damages,-40,2011-05-16 17:09:00,0.0,,United Kingdom
554128,84563A,damaged,-4,2011-05-23 09:26:00,0.0,,United Kingdom
554143,79030G,damages,-413,2011-05-23 10:40:00,0.0,,United Kingdom
554144,79030D,damages,-664,2011-05-23 10:42:00,0.0,,United Kingdom
554287,22700,smashed,-48,2011-05-23 14:17:00,0.0,,United Kingdom
554432,85132A,damaged,-97,2011-05-24 12:16:00,0.0,,United Kingdom
554551,47566B,reverse previous adjustment,-1300,2011-05-25 09:58:00,0.0,,United Kingdom
554553,47566B,incorrectly credited C550456 see 47,-1300,2011-05-25 09:59:00,0.0,,United Kingdom
554852,21272,?,-212,2011-05-27 09:24:00,0.0,,United Kingdom
555332,84801A,wet damaged,-48,2011-06-02 11:11:00,0.0,,United Kingdom
555331,84800L,wet damaged,-144,2011-06-02 11:11:00,0.0,,United Kingdom
555330,84804A,wet damaged,-125,2011-06-02 11:11:00,0.0,,United Kingdom
555333,84805B,wet damaged,-96,2011-06-02 11:12:00,0.0,,United Kingdom
555334,84805A,wet damaged,-96,2011-06-02 11:12:00,0.0,,United Kingdom
555503,84313C,damaged,-1,2011-06-03 15:39:00,0.0,,United Kingdom
555505,79030G,Water damaged,-16,2011-06-03 15:48:00,0.0,,United Kingdom
555506,21397,damaged,-57,2011-06-03 16:03:00,0.0,,United Kingdom
556046,21890,missing,-140,2011-06-08 12:56:00,0.0,,United Kingdom
556122,85019C,Damaged,-108,2011-06-09 10:12:00,0.0,,United Kingdom
556123,22272,Damaged,-15,2011-06-09 10:13:00,0.0,,United Kingdom
556232,21135,sold as set on dotcom,-304,2011-06-09 15:15:00,0.0,,United Kingdom
556233,21136,sold as set on dotcom,-272,2011-06-09 15:20:00,0.0,,United Kingdom
556242,21700,sold as set on dotcom and amazon,-1206,2011-06-09 16:06:00,0.0,,United Kingdom
556260,37340,sold as set on dotcom,-18,2011-06-09 18:02:00,0.0,,United Kingdom
556261,79051A,sold as set on dotcom,-6,2011-06-09 18:03:00,0.0,,United Kingdom
556262,37327,sold as set on dotcom,-95,2011-06-09 18:04:00,0.0,,United Kingdom
556299,21937,?,-161,2011-06-10 10:17:00,0.0,,United Kingdom
556301,22968,water damage,-50,2011-06-10 10:18:00,0.0,,United Kingdom
556306,37479B,sold as set by dotcom,-30,2011-06-10 10:38:00,0.0,,United Kingdom
556307,37479P,sold as set on dotcom,-30,2011-06-10 10:39:00,0.0,,United Kingdom
556308,22130,sold as set on dotcom,-390,2011-06-10 10:43:00,0.0,,United Kingdom
556309,22856,sold as set on dotcom,-30,2011-06-10 10:44:00,0.0,,United Kingdom
556310,22944,sold as set on dotcom,-42,2011-06-10 10:44:00,0.0,,United Kingdom
556311,37471,sold as set on dotcom,-12,2011-06-10 10:45:00,0.0,,United Kingdom
556312,22924,sold as set on dotcom,-30,2011-06-10 10:46:00,0.0,,United Kingdom
556313,22923,sold as set on dotcom,-12,2011-06-10 10:46:00,0.0,,United Kingdom
556314,23155,sold as set on dotcom,-84,2011-06-10 10:47:00,0.0,,United Kingdom
556315,22948,sold as set on dotcom,-108,2011-06-10 10:47:00,0.0,,United Kingdom
556316,22128,sold as set on dotcom,-24,2011-06-10 10:48:00,0.0,,United Kingdom
556317,22857,sold as set on dotcom,-48,2011-06-10 10:48:00,0.0,,United Kingdom
556319,22945,sold as set on dotcom,-618,2011-06-10 10:49:00,0.0,,United Kingdom
556320,22922,sold as set on dotcom,-42,2011-06-10 10:50:00,0.0,,United Kingdom
556321,79163,sold as set on dotcom,-24,2011-06-10 10:50:00,0.0,,United Kingdom
556322,22915,sold as set on dotcom,-204,2011-06-10 10:51:00,0.0,,United Kingdom
556687,23003,Printing smudges/thrown away,-9058,2011-06-14 10:36:00,0.0,,United Kingdom
556690,23005,printing smudges/thrown away,-9600,2011-06-14 10:37:00,0.0,,United Kingdom
556691,23005,printing smudges/thrown away,-9600,2011-06-14 10:37:00,0.0,,United Kingdom
556963,35965,found some more on shelf,-9,2011-06-16 09:40:00,0.0,,United Kingdom
557035,82583,?,-220,2011-06-16 13:52:00,0.0,,United Kingdom
557036,20867,?,-271,2011-06-16 13:53:00,0.0,,United Kingdom
557108,23113,Damaged,-1440,2011-06-16 15:58:00,0.0,,United Kingdom
557390,21360,Show Samples,-4,2011-06-20 11:12:00,0.0,,United Kingdom
557417,84809B,damaged,-324,2011-06-20 11:51:00,0.0,,United Kingdom
557596,23114,Damaged,-1440,2011-06-21 11:33:00,0.0,,United Kingdom
557597,23115,Damaged,-1440,2011-06-21 11:33:00,0.0,,United Kingdom
557599,23116,Damaged,-1440,2011-06-21 11:34:00,0.0,,United Kingdom
557600,23117,Damaged,-1440,2011-06-21 11:35:00,0.0,,United Kingdom
557784,21421,damaged,-5,2011-06-22 15:49:00,0.0,,United Kingdom
558268,21351,damaged,-220,2011-06-28 10:17:00,0.0,,United Kingdom
558306,85232D,mix up with c,-118,2011-06-28 10:59:00,0.0,,United Kingdom
558379,22618,"mouldy, unsaleable.",-1681,2011-06-28 16:34:00,0.0,,United Kingdom
558457,21147,?,-95,2011-06-29 13:59:00,0.0,,United Kingdom
558476,84597B,damages,-6,2011-06-29 16:04:00,0.0,,United Kingdom
558723,84865,damaged,-7,2011-07-01 14:28:00,0.0,,United Kingdom
558730,22060,damaged,-1,2011-07-01 14:51:00,0.0,,United Kingdom
559314,84584,?,-50,2011-07-07 13:51:00,0.0,,United Kingdom
559375,22051,?,-300,2011-07-08 10:37:00,0.0,,United Kingdom
559378,21781,damages?,-39,2011-07-08 10:40:00,0.0,,United Kingdom
559655,21166,?,-124,2011-07-11 12:57:00,0.0,,United Kingdom
559943,21578,?,-251,2011-07-14 10:21:00,0.0,,United Kingdom
560039,20713,wrongly marked. 23343 in box,-3100,2011-07-14 14:27:00,0.0,,United Kingdom
560717,84576,damaged,-3,2011-07-20 13:28:00,0.0,,United Kingdom
561103,85103,stock creditted wrongly,-32,2011-07-25 11:23:00,0.0,,United Kingdom
561249,DCGS0073,ebay,-4,2011-07-26 11:51:00,0.0,,United Kingdom
561252,DCGS0069,ebay,-5,2011-07-26 11:52:00,0.0,,United Kingdom
561253,DCGS0068,ebay,-10,2011-07-26 11:52:00,0.0,,United Kingdom
561254,DCGS0067,ebay,-11,2011-07-26 11:52:00,0.0,,United Kingdom
561256,DCGS0003,ebay,-7,2011-07-26 11:53:00,0.0,,United Kingdom
561326,21294,damaged,-227,2011-07-26 13:50:00,0.0,,United Kingdom
561663,22501,incorrectly put back into stock,-108,2011-07-28 16:40:00,0.0,,United Kingdom
561920,84352,Damages/samples,-52,2011-08-01 12:10:00,0.0,,United Kingdom
561927,22740,?,-1060,2011-08-01 12:49:00,0.0,,United Kingdom
562164,21257,?,-94,2011-08-03 12:08:00,0.0,,United Kingdom
562278,21391,Sold as 1 on dotcom,-342,2011-08-04 10:27:00,0.0,,United Kingdom
562352,21735,damages,-59,2011-08-04 13:12:00,0.0,,United Kingdom
562382,22927,?,-40,2011-08-04 15:36:00,0.0,,United Kingdom
562383,22523,?,-90,2011-08-04 15:37:00,0.0,,United Kingdom
562546,20694,?,-110,2011-08-05 15:46:00,0.0,,United Kingdom
563453,21033,taig adjust no stock,-24,2011-08-16 14:34:00,0.0,,United Kingdom
564914,85132C,damages,-109,2011-08-31 12:40:00,0.0,,United Kingdom
565296,84929,code mix up? 84930,-967,2011-09-02 12:04:00,0.0,,United Kingdom
565297,84877D,?,-203,2011-09-02 12:06:00,0.0,,United Kingdom
565302,21682,?display?,-156,2011-09-02 12:16:00,0.0,,United Kingdom
565306,21830,sold as 1,-252,2011-09-02 12:20:00,0.0,,United Kingdom
565307,21830,?,-443,2011-09-02 12:20:00,0.0,,United Kingdom
565308,21829,sold as 1,-432,2011-09-02 12:22:00,0.0,,United Kingdom
565310,21829,?missing,-1897,2011-09-02 12:26:00,0.0,,United Kingdom
565370,82494L,crushed ctn,-33,2011-09-02 15:04:00,0.0,,United Kingdom
565371,82483,crushed,-13,2011-09-02 15:04:00,0.0,,United Kingdom
565385,22435,?missing,-434,2011-09-02 15:46:00,0.0,,United Kingdom
565935,23064,Crushed,-8,2011-09-08 10:46:00,0.0,,United Kingdom
566122,23084,temp adjustment,-484,2011-09-09 10:57:00,0.0,,United Kingdom
566449,20856,??,-140,2011-09-12 16:07:00,0.0,,United Kingdom
566573,22823,test,-22,2011-09-13 13:10:00,0.0,,United Kingdom
566712,22030,??,-635,2011-09-14 12:04:00,0.0,,United Kingdom
567113,85215,Damaged,-29,2011-09-16 13:39:00,0.0,,United Kingdom
567125,21246,damaged,-2,2011-09-16 13:49:00,0.0,,United Kingdom
567127,85230E,Damaged,-48,2011-09-16 14:01:00,0.0,,United Kingdom
567132,21830,OOPS ! adjustment,-384,2011-09-16 14:14:00,0.0,,United Kingdom
567143,21179,damaged,-14,2011-09-16 15:02:00,0.0,,United Kingdom
567149,35607B,thrown away,-9,2011-09-16 15:29:00,0.0,,United Kingdom
567150,35817P,thrown away,-44,2011-09-16 15:29:00,0.0,,United Kingdom
567629,40016,?,-752,2011-09-21 13:21:00,0.0,,United Kingdom
567693,85199L,?,-250,2011-09-21 17:26:00,0.0,,United Kingdom
567918,79163,damaged,-1,2011-09-22 17:20:00,0.0,,United Kingdom
567921,21089,damaged,-7,2011-09-22 17:24:00,0.0,,United Kingdom
567923,37343,damaged,-2,2011-09-22 17:24:00,0.0,,United Kingdom
567925,84876D,damaged,-2,2011-09-22 17:26:00,0.0,,United Kingdom
567927,21654,Damaged,-3,2011-09-22 17:28:00,0.0,,United Kingdom
567931,84563B,damaged,-11,2011-09-22 17:38:00,0.0,,United Kingdom
567933,84422,Dagamed,-30,2011-09-22 17:49:00,0.0,,United Kingdom
568302,20700,?,-121,2011-09-26 12:46:00,0.0,,United Kingdom
568401,21394,damages,-35,2011-09-27 10:30:00,0.0,,United Kingdom
568442,37327,damages,-131,2011-09-27 11:31:00,0.0,,United Kingdom
568724,84816,damages,-21,2011-09-28 16:27:00,0.0,,United Kingdom
569098,21098,damages?,-231,2011-09-30 12:09:00,0.0,,United Kingdom
569131,22927,damaged,-5,2011-09-30 13:49:00,0.0,,United Kingdom
569256,20774,damaged,-14,2011-10-03 11:15:00,0.0,,United Kingdom
569335,84660A,damaged,-15,2011-10-03 13:57:00,0.0,,United Kingdom
569341,82600,historic computer difference?....se,-458,2011-10-03 14:19:00,0.0,,United Kingdom
569464,23268,Incorrect stock entry.,-1440,2011-10-04 11:40:00,0.0,,United Kingdom
569465,23269,incorrect stock entry.,-1440,2011-10-04 11:41:00,0.0,,United Kingdom
569466,23270,incorrect stock entry.,-2880,2011-10-04 11:42:00,0.0,,United Kingdom
569831,20713,wrongly coded-23343,-800,2011-10-06 12:38:00,0.0,,United Kingdom
569854,35954,counted,-430,2011-10-06 14:26:00,0.0,,United Kingdom
569855,23412,?,-30,2011-10-06 14:27:00,0.0,,United Kingdom
569874,90180A,stock check,-32,2011-10-06 15:06:00,0.0,,United Kingdom
569875,90195A,check,-45,2011-10-06 15:07:00,0.0,,United Kingdom
569876,90210D,check,-28,2011-10-06 15:08:00,0.0,,United Kingdom
569878,90057,crushed boxes,-380,2011-10-06 15:12:00,0.0,,United Kingdom
569879,90012B,check,-5,2011-10-06 15:13:00,0.0,,United Kingdom
569880,90012A,stock check,-18,2011-10-06 15:14:00,0.0,,United Kingdom
569883,90014A,check,-12,2011-10-06 15:16:00,0.0,,United Kingdom
569886,90191,??,-60,2011-10-06 15:24:00,0.0,,United Kingdom
570110,22570,?,-74,2011-10-07 12:27:00,0.0,,United Kingdom
570112,22569,?,-84,2011-10-07 12:29:00,0.0,,United Kingdom
570185,21090,WET/MOULDY,-192,2011-10-07 14:56:00,0.0,,United Kingdom
570193,22449,can't find,-125,2011-10-07 15:32:00,0.0,,United Kingdom
570294,84249A,damaged,-25,2011-10-10 12:00:00,0.0,,United Kingdom
570403,47574A,check,-61,2011-10-10 12:45:00,0.0,,United Kingdom
570440,21424,damages,-40,2011-10-10 14:31:00,0.0,,United Kingdom
570595,21823,check,-94,2011-10-11 11:47:00,0.0,,United Kingdom
570596,21803,check,-38,2011-10-11 11:48:00,0.0,,United Kingdom
570599,84596G,??,-365,2011-10-11 12:00:00,0.0,,United Kingdom
570691,85231G,check,-110,2011-10-11 16:44:00,0.0,,United Kingdom
570711,21622,damages,-45,2011-10-12 10:14:00,0.0,,United Kingdom
570712,22121,?,-90,2011-10-12 10:15:00,0.0,,United Kingdom
570873,23322,mouldy,-40,2011-10-12 16:41:00,0.0,,United Kingdom
570874,23020,smashed,-4,2011-10-12 16:42:00,0.0,,United Kingdom
571024,22812,?,-270,2011-10-13 12:18:00,0.0,,United Kingdom
571112,22637,damages,-65,2011-10-13 17:36:00,0.0,,United Kingdom
571116,23131,?,-49,2011-10-13 17:46:00,0.0,,United Kingdom
571124,72802A,Wet pallet-thrown away,-306,2011-10-14 09:36:00,0.0,,United Kingdom
571126,72802A,?,-50,2011-10-14 09:53:00,0.0,,United Kingdom
571130,72802C,check,-37,2011-10-14 10:05:00,0.0,,United Kingdom
571131,72802B,check,-51,2011-10-14 10:13:00,0.0,,United Kingdom
571254,23427,damaged,-2,2011-10-14 17:07:00,0.0,,United Kingdom
571458,21761,damaged,-2,2011-10-17 14:02:00,0.0,,United Kingdom
571459,20839,damages,-80,2011-10-17 14:03:00,0.0,,United Kingdom
571686,22149,damages,-40,2011-10-18 14:22:00,0.0,,United Kingdom
571687,22149,check,-46,2011-10-18 14:23:00,0.0,,United Kingdom
571915,21627,check,-32,2011-10-19 15:34:00,0.0,,United Kingdom
572468,72803A,damages,-160,2011-10-24 13:30:00,0.0,,United Kingdom
572477,20665,adjustment,-15,2011-10-24 13:39:00,0.0,,United Kingdom
572480,22049,damaged,-100,2011-10-24 13:44:00,0.0,,United Kingdom
572516,22336,damaged,-71,2011-10-24 14:45:00,0.0,,United Kingdom
572527,20984,damaged,-46,2011-10-24 15:35:00,0.0,,United Kingdom
572548,23343,20713 wrongly marked,-200,2011-10-24 17:01:00,0.0,,United Kingdom
572557,22427,damages,-29,2011-10-24 17:44:00,0.0,,United Kingdom
572615,23595,re-adjustment,-5,2011-10-25 11:39:00,0.0,,United Kingdom
572684,23029,damages,-20,2011-10-25 14:00:00,0.0,,United Kingdom
572685,23032,damages,-60,2011-10-25 14:01:00,0.0,,United Kingdom
572686,23118,Breakages,-30,2011-10-25 14:03:00,0.0,,United Kingdom
572687,20840,damages,-30,2011-10-25 14:05:00,0.0,,United Kingdom
572689,84969,check,-50,2011-10-25 14:13:00,0.0,,United Kingdom
572690,21539,damages?,-111,2011-10-25 14:14:00,0.0,,United Kingdom
572691,22426,check,-15,2011-10-25 14:15:00,0.0,,United Kingdom
572692,21071,check,-82,2011-10-25 14:16:00,0.0,,United Kingdom
572693,35810A,check,-78,2011-10-25 14:20:00,0.0,,United Kingdom
572701,85078,missing,-840,2011-10-25 14:31:00,0.0,,United Kingdom
572702,37479P,??,-184,2011-10-25 14:33:00,0.0,,United Kingdom
572748,21824,check,-103,2011-10-25 16:50:00,0.0,,United Kingdom
572749,22572,??,-335,2011-10-25 16:52:00,0.0,,United Kingdom
572891,23343,20713,-400,2011-10-26 14:14:00,0.0,,United Kingdom
572919,72802C,check,-17,2011-10-26 16:49:00,0.0,,United Kingdom
572996,23462,damages,-34,2011-10-27 11:22:00,0.0,,United Kingdom
573115,23343,wrongly coded 20713,-1000,2011-10-27 15:37:00,0.0,,United Kingdom
573118,85032D,damaged,-1,2011-10-27 16:19:00,0.0,,United Kingdom
573254,85135C,Damages,-49,2011-10-28 12:18:00,0.0,,United Kingdom
573258,85136C,damages,-36,2011-10-28 12:19:00,0.0,,United Kingdom
573259,85136A,damages,-77,2011-10-28 12:20:00,0.0,,United Kingdom
573463,17012B,check,-70,2011-10-31 10:56:00,0.0,,United Kingdom
573482,21181,check,-54,2011-10-31 11:20:00,0.0,,United Kingdom
573487,23400,check,-19,2011-10-31 11:46:00,0.0,,United Kingdom
573489,85035B,check,-36,2011-10-31 11:48:00,0.0,,United Kingdom
573490,85035A,CHECK,-59,2011-10-31 11:55:00,0.0,,United Kingdom
573491,21618,CHECK,-54,2011-10-31 11:56:00,0.0,,United Kingdom
573493,21619,check,-94,2011-10-31 11:57:00,0.0,,United Kingdom
573494,47503H,check,-24,2011-10-31 11:57:00,0.0,,United Kingdom
573497,21642,check,-138,2011-10-31 12:00:00,0.0,,United Kingdom
573498,21636,check,-22,2011-10-31 12:00:00,0.0,,United Kingdom
573499,21192,check,-164,2011-10-31 12:01:00,0.0,,United Kingdom
573503,22595,check,-80,2011-10-31 12:03:00,0.0,,United Kingdom
573505,85208,check,-22,2011-10-31 12:09:00,0.0,,United Kingdom
573547,84818,damages,-70,2011-10-31 13:21:00,0.0,,United Kingdom
573591,79323B,"Unsaleable, destroyed.",-1671,2011-10-31 15:15:00,0.0,,United Kingdom
573590,79323G,"Unsaleable, destroyed.",-657,2011-10-31 15:15:00,0.0,,United Kingdom
573593,79323LP,"Unsaleable, destroyed.",-2618,2011-10-31 15:16:00,0.0,,United Kingdom
573594,79323P,"Unsaleable, destroyed.",-2003,2011-10-31 15:16:00,0.0,,United Kingdom
573592,79323GR,"Unsaleable, destroyed.",-1158,2011-10-31 15:16:00,0.0,,United Kingdom
573595,79323S,"Unsaleable, destroyed.",-674,2011-10-31 15:17:00,0.0,,United Kingdom
573596,79323W,"Unsaleable, destroyed.",-4830,2011-10-31 15:17:00,0.0,,United Kingdom
573597,79341,"Unsaleable, destroyed.",-905,2011-10-31 15:18:00,0.0,,United Kingdom
573598,79342B,"Unsaleable, destroyed.",-1128,2011-10-31 15:18:00,0.0,,United Kingdom
573670,22176,check,-28,2011-10-31 17:02:00,0.0,,United Kingdom
573672,22522,check,-126,2011-10-31 17:04:00,0.0,,United Kingdom
573726,72817,check,-67,2011-10-31 17:18:00,0.0,,United Kingdom
573734,72818,check,-26,2011-10-31 17:19:00,0.0,,United Kingdom
573752,46000S,dotcom sales,-90,2011-11-01 09:34:00,0.0,,United Kingdom
573815,20902,check,-3,2011-11-01 11:31:00,0.0,,United Kingdom
573816,20898,check,-10,2011-11-01 11:32:00,0.0,,United Kingdom
573919,21352,check,-23,2011-11-01 17:39:00,0.0,,United Kingdom
574094,22147,check,-80,2011-11-03 09:46:00,0.0,,United Kingdom
574123,22652,check,-111,2011-11-03 10:55:00,0.0,,United Kingdom
574171,21818,check,-130,2011-11-03 11:45:00,0.0,,United Kingdom
574173,35923,check,-42,2011-11-03 11:46:00,0.0,,United Kingdom
574176,85054,check,-39,2011-11-03 11:48:00,0.0,,United Kingdom
574198,21159,damaged,-40,2011-11-03 12:00:00,0.0,,United Kingdom
574577,21519,check,-80,2011-11-04 17:09:00,0.0,,United Kingdom
574578,40001,check,-240,2011-11-04 17:09:00,0.0,,United Kingdom
574579,72802B,check,-203,2011-11-04 17:14:00,0.0,,United Kingdom
574580,20751,check,-35,2011-11-04 17:44:00,0.0,,United Kingdom
574581,23187,check,-62,2011-11-04 17:45:00,0.0,,United Kingdom
574582,84279P,check,-104,2011-11-04 17:46:00,0.0,,United Kingdom
574583,22892,check,-62,2011-11-04 17:46:00,0.0,,United Kingdom
574757,72802C,damages,-54,2011-11-07 10:08:00,0.0,,United Kingdom
574816,85036C,damages wax,-1560,2011-11-07 10:37:00,0.0,,United Kingdom
574822,85036B,damages wax,-1284,2011-11-07 10:38:00,0.0,,United Kingdom
574906,85034A,damaged,-81,2011-11-07 15:30:00,0.0,,United Kingdom
575048,84665,water damaged,-15,2011-11-08 12:12:00,0.0,,United Kingdom
575287,84508A,check,-39,2011-11-09 12:15:00,0.0,,United Kingdom
575613,23118,check,-6,2011-11-10 12:47:00,0.0,,United Kingdom
575614,22121,check,-10,2011-11-10 12:48:00,0.0,,United Kingdom
575615,82582,??,-130,2011-11-10 12:51:00,0.0,,United Kingdom
575617,21014,check,-90,2011-11-10 12:53:00,0.0,,United Kingdom
575625,35972,check,-3,2011-11-10 13:20:00,0.0,,United Kingdom
575704,21843,smashed,-63,2011-11-10 17:00:00,0.0,,United Kingdom
575714,85125,check,-64,2011-11-10 17:55:00,0.0,,United Kingdom
575715,72802B,check,-36,2011-11-10 17:58:00,0.0,,United Kingdom
575716,72802C,check,-21,2011-11-10 18:00:00,0.0,,United Kingdom
575717,85175,check,-42,2011-11-10 18:02:00,0.0,,United Kingdom
575720,21817,check,-8,2011-11-10 18:09:00,0.0,,United Kingdom
575721,22804,Wrongly mrked had 85123a in box,-256,2011-11-10 18:19:00,0.0,,United Kingdom
575722,85123A,wrongly marked carton 22804,-256,2011-11-10 18:20:00,0.0,,United Kingdom
575907,22268,check,-10,2011-11-11 15:52:00,0.0,,United Kingdom
575909,20711,check,-220,2011-11-11 16:02:00,0.0,,United Kingdom
575912,22943,check,-7,2011-11-11 16:20:00,0.0,,United Kingdom
576185,22575,missing?,-130,2011-11-14 11:25:00,0.0,,United Kingdom
576250,71279,damages,-74,2011-11-14 13:50:00,0.0,,United Kingdom
576366,23072,damages,-50,2011-11-14 18:30:00,0.0,,United Kingdom
576367,23071,damages,-65,2011-11-14 18:31:00,0.0,,United Kingdom
576368,21135,wet rusty,-864,2011-11-14 18:33:00,0.0,,United Kingdom
576369,21135,wet rusty,-288,2011-11-14 18:35:00,0.0,,United Kingdom
576407,47590B,check,-57,2011-11-15 11:18:00,0.0,,United Kingdom
576410,71038,check,-16,2011-11-15 11:20:00,0.0,,United Kingdom
576411,85111,check,-117,2011-11-15 11:20:00,0.0,,United Kingdom
576413,17012C,check,-22,2011-11-15 11:21:00,0.0,,United Kingdom
576419,85036B,check,-23,2011-11-15 11:23:00,0.0,,United Kingdom
576424,85036C,check,-4,2011-11-15 11:24:00,0.0,,United Kingdom
576436,22943,check,-26,2011-11-15 11:27:00,0.0,,United Kingdom
576674,21823,damaged,-6,2011-11-16 12:00:00,0.0,,United Kingdom
576762,21744,check,-21,2011-11-16 13:08:00,0.0,,United Kingdom
576763,23035,check,-64,2011-11-16 13:09:00,0.0,,United Kingdom
576764,16008,check,-1510,2011-11-16 13:10:00,0.0,,United Kingdom
576765,22219,???lost,-550,2011-11-16 13:11:00,0.0,,United Kingdom
576767,22339,check,-60,2011-11-16 13:12:00,0.0,,United Kingdom
576773,22181,check,-92,2011-11-16 13:21:00,0.0,,United Kingdom
576776,21811,check,-240,2011-11-16 13:22:00,0.0,,United Kingdom
576839,35818B,adjustment,-22,2011-11-16 15:21:00,0.0,,United Kingdom
576843,10133,damaged,-82,2011-11-16 15:32:00,0.0,,United Kingdom
577111,22587,check,-41,2011-11-17 17:55:00,0.0,,United Kingdom
577112,22586,check,-30,2011-11-17 17:55:00,0.0,,United Kingdom
577113,22271,check,-43,2011-11-17 17:58:00,0.0,,United Kingdom
577114,21786,check,-209,2011-11-17 17:59:00,0.0,,United Kingdom
577115,85035C,check,-24,2011-11-17 18:02:00,0.0,,United Kingdom
577116,21165,check,-28,2011-11-17 18:04:00,0.0,,United Kingdom
577118,22286,check,-47,2011-11-17 18:05:00,0.0,,United Kingdom
577119,22778,check,-10,2011-11-17 18:08:00,0.0,,United Kingdom
577120,20752,check,-10,2011-11-17 18:09:00,0.0,,United Kingdom
577122,23348,sold with wrong barcode,-57,2011-11-17 18:33:00,0.0,,United Kingdom
577123,23288,check,-63,2011-11-17 18:34:00,0.0,,United Kingdom
577124,22759,check,-327,2011-11-17 18:41:00,0.0,,United Kingdom
577304,20956,check,-152,2011-11-18 13:04:00,0.0,,United Kingdom
577305,22946,check,-21,2011-11-18 13:06:00,0.0,,United Kingdom
577307,16169E,check,-313,2011-11-18 13:06:00,0.0,,United Kingdom
577789,23057,rusty throw away,-280,2011-11-21 16:28:00,0.0,,United Kingdom
577788,23056,rusty throw away,-210,2011-11-21 16:28:00,0.0,,United Kingdom
577787,23055,rusty thrown away,-398,2011-11-21 16:28:00,0.0,,United Kingdom
577836,21888,check,-57,2011-11-22 10:26:00,0.0,,United Kingdom
577999,21018,damaged,-63,2011-11-22 12:29:00,0.0,,United Kingdom
578095,23397,damaged,-9,2011-11-22 17:25:00,0.0,,United Kingdom
578145,22579,dotcom,-40,2011-11-23 11:07:00,0.0,,United Kingdom
578245,22568,?? missing,-170,2011-11-23 12:37:00,0.0,,United Kingdom
578327,72807A,wet pallet,-504,2011-11-23 17:55:00,0.0,,United Kingdom
578328,72807B,wet pallet,-696,2011-11-23 17:55:00,0.0,,United Kingdom
578329,72807C,wet pallet,-408,2011-11-23 17:56:00,0.0,,United Kingdom
578473,72807B,damages,-101,2011-11-24 12:43:00,0.0,,United Kingdom
578474,72807A,damages,-56,2011-11-24 12:44:00,0.0,,United Kingdom
578475,72807C,damages,-149,2011-11-24 12:44:00,0.0,,United Kingdom
578476,72807B,????missing,-124,2011-11-24 12:45:00,0.0,,United Kingdom
578478,72807C,???missing,-428,2011-11-24 12:45:00,0.0,,United Kingdom
578477,72807A,???missing,-224,2011-11-24 12:45:00,0.0,,United Kingdom
578524,22810,check,-25,2011-11-24 14:20:00,0.0,,United Kingdom
578525,22152,check,-179,2011-11-24 14:21:00,0.0,,United Kingdom
578527,21819,check,-14,2011-11-24 14:24:00,0.0,,United Kingdom
578528,22601,check,-20,2011-11-24 14:24:00,0.0,,United Kingdom
578733,21643,damaged,-9,2011-11-25 11:32:00,0.0,,United Kingdom
578837,35833P,check,-24,2011-11-25 15:51:00,0.0,,United Kingdom
578838,21591,check,-267,2011-11-25 15:52:00,0.0,,United Kingdom
578839,22959,check,-175,2011-11-25 15:52:00,0.0,,United Kingdom
578840,22142,check,-70,2011-11-25 15:54:00,0.0,,United Kingdom
579429,20711,lost in space,-98,2011-11-29 13:04:00,0.0,,United Kingdom
579681,21615,check,-26,2011-11-30 13:33:00,0.0,,United Kingdom
579682,85172,check,-145,2011-11-30 13:33:00,0.0,,United Kingdom
579683,21868,check,-28,2011-11-30 13:35:00,0.0,,United Kingdom
579731,35648,check,-46,2011-11-30 14:23:00,0.0,,United Kingdom
579733,84581,check,-41,2011-11-30 14:24:00,0.0,,United Kingdom
579732,35648,check,-10,2011-11-30 14:24:00,0.0,,United Kingdom
579735,21793,check,-40,2011-11-30 14:25:00,0.0,,United Kingdom
579734,84859C,wet?,-153,2011-11-30 14:25:00,0.0,,United Kingdom
579742,85204,lost??,-1131,2011-11-30 14:34:00,0.0,,United Kingdom
579743,21810,check,-135,2011-11-30 14:36:00,0.0,,United Kingdom
579745,22043,check,-40,2011-11-30 14:39:00,0.0,,United Kingdom
579755,84912B,damaged,-14,2011-11-30 14:54:00,0.0,,United Kingdom
580218,22577,check,-300,2011-12-02 12:12:00,0.0,,United Kingdom
580377,84609,damages,-29,2011-12-02 17:52:00,0.0,,United Kingdom
580378,22792,damages,-73,2011-12-02 17:56:00,0.0,,United Kingdom
580380,21620,check,-20,2011-12-02 17:58:00,0.0,,United Kingdom
580382,16045,check,-900,2011-12-02 17:59:00,0.0,,United Kingdom
580383,20652,check,-37,2011-12-02 17:59:00,0.0,,United Kingdom
580546,23406,CHECK,-21,2011-12-05 09:27:00,0.0,,United Kingdom
580547,21201,???,-390,2011-12-05 09:29:00,0.0,,United Kingdom
580561,22043,dotcom,-9,2011-12-05 10:25:00,0.0,,United Kingdom
580990,21109,wet,-48,2011-12-06 16:54:00,0.0,,United Kingdom
580991,22481,wet boxes,-288,2011-12-06 16:55:00,0.0,,United Kingdom
581190,84801A,check,-102,2011-12-07 16:55:00,0.0,,United Kingdom
581198,22025,check,-30,2011-12-07 18:26:00,0.0,,United Kingdom
581200,84508C,check,-21,2011-12-07 18:27:00,0.0,,United Kingdom
581201,22217,damages?,-155,2011-12-07 18:30:00,0.0,,United Kingdom
581204,85104,????damages????,-355,2011-12-07 18:32:00,0.0,,United Kingdom
581205,20893,damages,-55,2011-12-07 18:32:00,0.0,,United Kingdom
581206,21693,mixed up,-87,2011-12-07 18:34:00,0.0,,United Kingdom
581207,21688,mixed up,-337,2011-12-07 18:34:00,0.0,,United Kingdom
581208,72801C,check,-10,2011-12-07 18:35:00,0.0,,United Kingdom
581210,23395,check,-26,2011-12-07 18:36:00,0.0,,United Kingdom
581212,22578,lost,-1050,2011-12-07 18:38:00,0.0,,United Kingdom
581213,22576,check,-30,2011-12-07 18:38:00,0.0,,United Kingdom
581226,23090,missing,-338,2011-12-08 09:56:00,0.0,,United Kingdom
581422,23169,smashed,-235,2011-12-08 15:24:00,0.0,,United Kingdom
